bio1;bio2;bio3;bio4;bio5;bio6;bio7;bio8;bio9;bio10;bio11;bio12;bio13;bio14;bio15;bio16;bio17;bio18;bio19;bio20;bio21;bio22;bio23
43,78775259;7,927822715;31,53229829;21,91920512;82,96238787;32,13300665;38,43425345;59,8636586;46,3631027;78,35300723;10,25243468;91,01436688;10,60297955;4,44152959;10,51721056;48,59044713;40,28995486;;87,81510631;12,93447696;7,511657582;74,12102318;
20,80626609;5,179409414;27,6653713;11,85193895;64,21138195;17,49545414;24,90468547;67,38633767;10,05784497;48,64500791;17,9513612;92,20618878;5,746439914;8,375457858;13,06275378;30,52347251;;64,69812282;80,96021893;33,09216794;32,37817001;81,61711092;62,17744742
21,42682984;10,86449927;32,31735652;;39,14987517;14,20713805;65,46267448;58,81178809;35,68756556;;8,317287837;;5,773428754;11,82586409;5,433125012;61,78738333;57,38310452;72,73472913;0,00653367;22,29644511;8,743579919;5,556331598;59,5327491
47,34837468;10,50009855;14,88625636;40,01622787;70,95798547;43,30034244;95,53237017;30,56349099;33,22271518;49,91049545;12,28529432;7,336731558;2,922740856;10,99314342;;31,92533709;53,32374615;45,4496646;;15,57673403;6,676758131;15,15135376;51,4405341
25,29124031;11,70827865;10,3258711;25,23213048;10,88240731;21,89735257;29,10829573;63,99576185;24,44156714;56,22605351;15,47532282;56,62289311;26,04292952;10,87889851;11,60670749;65,23368137;46,55913859;;83,48258769;27,84622466;13,71126952;65,31059477;47,16656015
10,6703555;18,69085685;14,9378032;11,38396476;27,36227342;13,01624375;65,01890866;49,43944054;12,8958219;37,82570206;5,780464639;36,54052969;;;21,01551508;91,58483064;67,05592747;49,92497216;22,11473961;12,12214355;21,7810472;39,27889937;60,45502707
14,24738775;11,7394887;49,42841335;16,15415456;59,38669327;15,75327671;53,63599309;55,24914279;10,11604585;51,86371973;9,995804259;46,01666189;5,39483261;11,51945489;24,15715161;56,90790312;53,06699036;64,743138;3,041637666;22,2348806;14,50098267;18,37737286;47,90382949
16,07345277;6,042928377;34,04452734;23,88025125;16,01848134;9,154439043;59,74518666;56,22033236;42,97628226;7,428379217;17,382516;46,47369124;6,183011743;11,91694823;8,295894296;63,78907058;47,66193806;55,54143933;57,67260217;13,23340499;15,18573503;12,84029565;
37,04157382;9,333798819;17,35775918;14,5338031;85,34302388;21,89092603;2,489826945;49,03313927;26,72969769;53,84723442;16,0060126;;6,416326503;2,585490543;8,23685719;41,60699807;44,27624166;52,03663965;75,68797604;14,69299888;23,72673538;12,88963356;34,18431408
24,04451523;5,381772001;13,3024112;6,82899032;84,77391577;21,79255083;0,484173954;49,24736802;22,6461633;96,10610008;10,86988344;82,36663763;5,980599651;7,992359524;14,19645109;79,66101512;61,88078907;32,00863548;87,36540594;25,9387643;11,82894554;62,41607543;53,9150405
24,54199484;14,36548163;36,8968108;31,25331373;47,78868125;31,72414069;13,13782544;60,19157069;;52,78101396;12,31996047;28,23550522;11,46145488;12,33711854;10,64827935;86,22761942;55,48210901;60,82955681;6,03659139;14,88457377;19,24161203;50,20027363;41,03898284
21,22843078;;22,41799988;13,26675384;77,36921224;21,87451548;2,481710375;57,11601922;9,37277983;;4,63816092;72,99783141;6,503576436;;11,26513294;36,7417122;34,77769818;46,49146385;;19,16454197;25,76369928;48,81618056;58,0919741
;17,34084083;20,85304047;15,07774574;;;9,212945192;59,90262246;35,57252201;3,226699657;13,63702752;49,5971686;11,47883195;11,82213034;4,293241281;48,79385696;60,28677258;35,96509915;41,40251721;23,48385496;;87,28163885;66,98919345
49,08024288;9,837437234;6,888068818;42,60409198;6,562811183;;47,55582241;73,82926695;44,78644581;3,773418069;21,94479666;6,62683011;15,94613972;19,52291467;8,679736195;89,6351872;57,89193704;47,98203335;41,13296298;11,43186648;25,52672495;;34,54008521
25,76263636;7,411585466;41,90839305;13,63892088;44,05331248;14,55277264;19,66567612;56,64415864;20,40685889;4,734829394;4,822834001;3,764783056;10,71717126;9,921652039;7,95458879;46,38228498;53,40937594;48,7322184;57,93903298;65,98666662;47,34122574;75,97033083;
7,51342501;14,43981924;13,21187699;30,65714558;46,20988579;17,81884066;;52,07381157;10,87218866;16,09590356;7,960176223;23,7585074;14,01502838;1,787875488;16,93906744;20,9327999;35,05633317;60,59206873;94,19489515;33,88822677;25,19334864;21,94010785;47,49960764
28,52206365;3,869763714;24,47751483;10,6937404;;46,58236549;24,40592281;27,89366889;17,18033757;46,90973933;;21,83961102;11,83676967;4,560916688;;67,6256296;47,74456407;38,32603968;;23,31054355;20,0530134;15,66522969;37,03398237
15,85689301;11,86434104;31,28725538;16,82269384;18,51403187;17,82484843;48,88076379;76,91714003;15,7611261;80,59239748;18,39107849;42,23862749;10,93370883;8,635895077;10,2787595;73,41298142;46,92262976;44,42356373;;;6,499547583;14,40994111;51,35101788
11,77628952;8,646562016;36,61731719;19,36024991;50,69977269;23,66070589;64,88824796;45,17323178;29,5472636;28,05975161;5,185144658;54,97516331;10,71254814;9,726615324;12,62797036;65,26941624;51,77667082;64,88119928;27,48749815;33,18986194;10,88810299;88,63554429;56,21857801
18,01153782;12,2236694;38,79932465;11,19731803;;11,67423278;15,871647;73,74734715;24,53798451;75,47839852;4,522371931;71,37376047;15,31237873;6,758441399;;20,69142177;27,74336578;63,58665769;82,83828218;37,41628136;17,12464558;66,8717396;39,86877247
12,02511977;7,921964025;18,23749776;14,62344215;77,36860395;22,77195592;83,69779109;53,74643568;13,11916815;52,18258149;7,92739924;23,99941087;5,250033908;9,620690242;4,808978087;96,07715404;59,74740952;61,63214544;99,1258719;25,94146279;28,67814195;45,6800217;48,3681761
13,95104457;;26,45084552;19,79796636;55,96650792;40,40839552;;65,38430199;18,78488537;28,89471932;7,07560758;89,56820131;6,225013038;3,900961099;4,333299194;0,689716497;34,32086106;66,61523945;67,32005582;25,4670527;17,09426818;71,60031782;59,66637107
14,69460421;3,487716526;7,068254266;28,08815576;64,14626392;17,05923055;23,34955251;48,90289679;43,16805321;1,737720147;4,290076356;48,26237881;8,499362569;7,261782705;11,05985527;90,21665524;47,09865165;52,0403098;7,738906448;;26,35938321;70,71566847;53,47485262
8,642166854;4,396175634;19,83692507;8,799780063;46,84321187;34,04491278;29,8855992;55,11470755;22,83483317;66,83495298;11,97328526;26,28470019;7,231485424;17,13339249;19,7610215;8,964286023;39,14337531;44,18116313;13,44034055;8,759383388;11,79993855;64,67180557;51,66377826
30,53560935;12,15519843;31,31912163;16,86301699;27,92238106;13,42053517;15,94213368;52,1395798;31,11670824;6,69759647;8,12044013;31,99187603;12,47968693;7,822636112;16,89461077;83,7094777;45,12807289;55,55204062;33,80967786;22,46602885;17,51285428;91,5973309;37,52189435
21,68642652;;16,96723997;29,31804566;46,12165703;13,35915335;58,55671042;;33,87379293;83,63864268;10,46108144;66,43019742;7,920081332;15,72098217;9,740951642;55,42060416;;60,58723126;25,21089802;49,58182722;22,38750557;19,9645065;40,15186848
11,36946817;4,36781586;11,99685429;15,34201925;79,27383417;14,1435797;14,87779771;48,79606175;51,02459687;13,53431558;8,212569804;72,80513614;3,978819621;3,228495209;7,344238791;60,34169302;51,86851868;;25,08236361;22,0842102;16,78200432;43,49927562;54,41226568
37,5963684;1,79428168;24,91366844;;58,55655763;9,690802934;17,90595597;60,12834336;5,608572865;65,58781085;11,62065858;57,14359509;14,07500593;11,51570657;;81,1360993;48,36360949;30,35017667;78,32679176;11,22941713;21,25125277;3,703589947;43,77710655
24,85930454;10,46459545;22,2970348;;39,47589858;15,16291489;33,9221505;47,98541853;5,693812074;83,79477288;5,827157725;87,86950763;10,89819858;7,821946355;11,41841532;26,2974625;49,11694419;52,73235703;17,37863303;90,81375106;14,36257675;15,74171146;26,9888827
17,33043594;5,230232066;9,261628262;22,96376428;81,12373496;52,3997345;18,39019388;29,62317506;29,65884942;25,76479961;11,65163445;40,92032788;16,10649123;4,722998478;6,915532526;3,994694632;56,35917459;56,54794583;59,83039157;16,5624704;24,21985162;70,224753;55,35378223
31,42371399;8,918223221;11,16851759;27,84431565;31,85630939;17,73734904;40,55415222;48,04110751;16,98511533;13,59952851;5,90369352;20,53957896;8,967628664;5,970245763;11,09813591;13,82873626;;49,45401345;69,15830444;26,61233727;19,2877958;;69,53901967
31,15786632;11,54704091;36,2126173;18,89024534;58,14473382;40,05773841;;55,39790606;31,97208973;76,34884142;6,020031302;47,08204172;15,30753236;10,15403093;5,978206152;10,5389833;60,867298;34,42177752;92,29355992;31,28380216;19,61854567;42,97310456;62,31877823
30,28917963;7,489231493;16,28664226;16,33257767;45,54889579;21,33403201;68,56713344;56,16455716;;21,19962333;;37,94077754;5,190876908;11,28659666;8,014298094;17,54058206;54,76887615;57,41500892;68,99749839;16,80652327;7,580706922;35,09339599;45,96817864
28,34130063;6,227202404;7,954297512;5,357114679;26,88034498;17,6327683;82,35256001;56,16567817;20,08348532;26,79695992;16,38537777;24,75649624;10,84541443;8,513102592;10,97551154;96,11799552;47,53184574;42,20914259;27,36589769;22,74963839;14,34161871;48,42887938;37,66212357
26,49507394;14,02037721;25,60949642;19,17350716;55,51772048;;37,39821138;33,07898479;17,71968461;53,18311946;6,587190204;92,50325258;7,851726632;9,134778952;7,259720194;19,40286416;41,20649128;55,05861499;1,094515948;16,70008757;9,536990339;2,360815788;46,81029001
19,47329704;;15,86386218;24,9068371;23,12308843;13,43275971;95,28410046;53,68742058;42,95433558;47,41168674;2,58847838;46,61747066;5,722528866;13,91935958;6,101335751;33,21807678;38,25234859;59,07551706;4,321959754;20,50800956;8,999247576;84,89939168;54,28722792
17,23631798;24,83461785;30,67258612;26,25087759;54,3232898;34,96256948;1,8832159;59,6785921;7,052426489;37,3443665;8,323842838;1,394168334;9,208613059;8,018240597;16,08990619;;63,13530633;62,8395701;16,78978004;36,91760286;15,69054732;65,26465868;
16,60600704;;31,90891047;15,21620266;44,75701412;11,57051925;61,23749723;62,76578681;19,98094799;77,53499285;7,738084474;94,32247381;13,44659871;10,28401667;9,015481793;69,34664159;51,01634956;34,42136203;85,26408265;32,44225603;18,53388755;18,57904976;51,32809154
14,19154707;11,90334687;17,108659;48,89873147;13,02881369;29,9810409;46,35737638;47,75038729;67,06572033;55,82039701;11,04701002;37,45456554;8,542181842;12,06088611;13,66921177;28,61065883;69,17755976;60,81741848;4,591334611;16,15083232;;54,73766995;58,59550775
18,1023427;7,064514481;10,48046642;23,17820065;62,17259828;22,62997403;35,47296205;46,78107414;16,47093233;;8,700764332;0,80415355;6,167082531;6,655641297;6,273863013;29,91192534;57,72055258;42,43018643;27,13876364;;34,66156115;87,36913595;41,63456138
;10,60306332;68,70239121;21,39501453;54,79942833;21,52577232;88,24230288;64,87837832;39,11364249;98,94184484;9,164667018;98,05245034;8,422657134;6,600394542;8,817032247;42,99539139;56,08179372;37,10980526;88,89429506;30,2132224;25,08324638;22,95053066;52,87022002
59,41091613;19,55592199;29,64171032;37,94483482;14,92442137;28,87973535;7,580285845;;23,99936673;24,44464304;5,546522287;37,75400559;13,5738004;12,95651091;11,05038787;38,26291608;48,5019136;63,14320666;54,78932946;;33,31591366;;55,16647568
36,74422238;4,696110876;28,35888702;14,02395431;55,95458692;13,07238693;88,32911917;45,63170023;22,83125795;;5,174861182;98,58675548;7,009970968;8,580253213;7,904758855;90,68165163;59,02953785;61,46259973;80,48175885;19,60881587;15,43819844;77,61804152;66,48702284
11,45522214;8,856045172;8,565711728;16,03591169;42,68855765;;18,82218358;54,57462079;19,05021501;21,26811354;7,827617858;13,96163907;8,695091263;12,02472008;3,96621224;53,47612982;60,06861854;;95,71966187;42,40307221;17,2201449;23,78647742;20,73371412
16,42094382;7,836595007;34,9069541;66,60144274;44,77300984;17,35832641;21,50667468;33,82226235;14,44659773;38,00042483;7,188517347;56,22181031;8,520944045;5,873403267;9,118551433;60,74073713;;57,59540706;;4,167181809;34,55611216;7,641595509;45,98976035
15,90561709;4,950685553;17,16845336;20,19761632;83,32947716;36,83204904;86,95322915;52,79627862;19,39217716;35,96211688;5,289717739;79,43601944;21,05139181;11,14395277;5,632079734;50,43730531;49,44637071;41,39674259;40,11335745;15,38570756;20,09766405;41,84946062;
29,66543488;5,316158995;;45,45779035;71,95872827;26,80507145;6,083805626;68,77864021;14,83120413;30,2662049;8,557718683;19,39013686;4,344841184;10,74720795;6,131827479;50,44107032;48,57257372;;;32,33140679;8,670076742;19,94442744;45,445295
19,26549105;10,94728865;33,75809494;9,783983163;45,68867555;62,81627591;23,48996007;49,95939347;23,19728615;4,439971363;7,981210488;;8,837581105;28,96445647;20,86646263;42,36517095;54,48182395;49,06276766;93,93758581;25,39689469;13,15395193;65,1739018;59,35849732
22,79769096;7,160369979;15,55244052;18,2605245;52,1264263;12,15748413;99,30155128;47,21545975;9,603537391;93,47833528;10,4665131;;13,30299872;13,99695671;2,200264238;21,75347018;69,37838542;47,19259945;51,82822458;;33,2413981;62,16999507;46,59175135
19,80088478;;33,35688257;24,26929453;24,24570776;21,17823746;67,81977278;54,74911714;16,97566722;56,87170299;10,00509161;1,011573314;7,796812112;6,55119949;7,331862264;31,92502183;69,30482788;57,34098736;;26,24629158;14,80006202;41,79207303;46,98827474
19,65958039;;27,27170421;23,33651433;7,586083468;92,62533015;43,54868005;47,20927829;33,43529575;22,08027451;3,253234897;25,69508678;10,43087283;8,970977032;4,823663035;24,16201276;56,37576384;65,37327535;62,67359953;13,79818522;23,72957277;14,8687169;57,44842011
39,8172861;2,290641876;13,65184931;12,14821044;39,12950912;;37,73099419;58,13400374;8,125603434;87,79611753;8,33718112;47,09814829;5,685405928;;12,2332392;0,115238503;53,78542277;45,44228937;82,26499844;11,89492157;20,22888124;18,39251926;42,96787211
17,94146487;8,182892695;28,23204813;20,27988762;1,310821599;31,36673313;46,11840243;59,04435464;32,7683066;;5,614999654;92,68627472;12,52808993;15,9079355;11,1969947;22,38171611;76,44171544;49,67341548;13,62653554;6,684158544;15,67114615;42,53604868;62,16742433
42,87270182;8,527932604;18,10536424;11,71991666;86,74994686;30,71409658;80,18518717;50,02691661;16,16843727;54,23498147;3,383770913;99,52919788;6,879828958;3,212486502;15,47696696;96,9164622;57,25157301;66,36757349;59,7468189;30,73519942;16,85431663;38,91158153;63,19372783
9,259255056;12,48347782;30,53010523;28,68434956;99,26156737;44,94557944;66,29669752;38,23307842;47,81877605;78,43981739;3,110687443;20,99823004;7,687256235;8,251928398;12,343915;43,24028653;;46,70958029;98,2964068;22,65981868;24,43118216;5,725291325;51,38828731
26,90485826;7,006329632;17,35816745;34,54930882;;20,64865064;46,60036641;36,81779273;20,34602403;64,78702724;10,84669943;54,51869082;5,24852428;7,853028608;9,242122715;96,33071285;41,3113678;23,95961829;23,06306483;22,97940505;22,30452147;0,551209296;54,36317475
21,36869759;12,25914715;23,5776809;6,602881547;82,67154903;36,69711802;5,325943651;44,07002634;33,42820263;14,48931471;8,639416729;64,53928724;10,89250027;8,853205422;5,873395175;25,58201158;49,86431143;55,13983786;41,73703878;45,25297128;37,23819828;88,29989634;70,12854279
22,3755934;12,39440128;10,12605818;37,2572565;89,18962695;8,388466733;23,71979184;57,97380501;25,02265435;32,16373771;13,83322107;90,11079806;11,960882;9,65494399;12,00085544;13,5430539;59,9947209;;10,02709994;11,14768787;18,17578308;30,55472702;56,26102359
24,28404964;15,72717197;23,233956;10,79926149;53,94107327;13,79165195;23,32397376;30,41794825;8,824854565;95,10555826;6,522090281;73,23217473;4,568752586;6,734241398;7,17690784;56,25920265;44,11109831;40,01461594;27,85114036;;12,65934882;;48,91085735
15,62446997;6,721159399;40,15603475;25,21362781;55,53135918;20,88040424;23,06536008;31,13674841;22,29167468;18,8198491;5,433641176;60,9710702;11,94036723;15,55159987;10,41576122;43,32493411;55,43692463;64,20816814;53,05464915;13,39808918;21,8227183;67,57928631;55,02501701
17,00311067;19,46788942;21,85703019;27,93698167;27,64398837;14,95353053;6,172627397;43,46220175;20,55601373;75,04042485;13,9564384;;9,950947738;7,00098859;10,18331122;86,28941264;36,62332624;74,47998007;31,41194582;18,92988778;28,5788598;85,42975478;54,95279114
12,06987053;11,72901724;34,27652241;18,17514654;65,91979258;22,46838348;;53,94394848;22,72084178;45,91584753;11,17103587;91,61710134;16,63229013;8,322158457;3,206753437;91,54769445;52,93055307;39,60217459;;61,67233338;62,86461702;43,27961521;
11,75295134;4,474145221;9,088913921;14,54784717;24,34352424;8,518140181;24,41250887;40,86433952;;14,13650489;7,991030148;80,27610248;5,179673594;15,74722921;;;;60,31025182;98,70980184;;15,92927312;92,55966337;56,63991592
23,37727322;4,401833239;;21,81636793;28,82662048;26,24863217;75,81855389;58,86749037;19,24491323;20,5193076;11,59580677;31,24086126;12,29744731;12,52647317;17,51262163;84,09306312;63,10052249;49,05852162;60,92814859;12,75967988;17,06147869;;61,47797345
25,131069;20,74614572;30,95136832;25,0133417;71,57809585;15,70109203;;53,3336997;;67,52934996;2,317271306;22,72511963;6,100427056;10,8754586;13,30044985;;66,93188759;51,41807459;14,57373227;27,2494039;31,22586024;27,7043642;61,87860233
20,62496249;15,4293106;26,59239228;31,23850317;;15,93609021;94,80668963;48,29360382;;13,80302105;4,038064956;65,7595204;3,242639573;5,69334383;14,50936409;89,91285346;51,50314192;62,22236701;70,43164603;11,6848241;38,11634006;68,6510188;51,22098503
31,85306896;7,910235745;9,777476953;7,198203695;17,30430387;18,63090881;8,617219236;58,18828137;17,8440976;41,55437008;6,727553892;;6,349367388;;13,23817312;14,11032432;53,14554325;52,13674518;67,91803041;12,43355011;14,4494893;92,1347254;52,00574102
55,9826792;4,073253216;12,14499228;;;14,99197099;94,7882585;53,88365163;35,23738233;45,12470318;5,304355333;46,50942546;;11,89203262;11,12991826;;49,48005568;41,48634646;;27,70732312;28,00226018;74,07459202;49,2169585
15,71293749;7,0928611;12,55127792;41,0668477;36,99072767;8,471824576;72,23988681;45,54064973;36,2886731;62,29465697;4,437545417;86,36053293;10,59379495;10,88711127;6,698209608;57,95675791;59,56109028;45,29591125;42,3315641;34,11710581;15,14122631;67,25060504;51,41527531
6,330730056;;20,62957377;33,89659014;7,772155432;27,16725749;92,20046047;52,31114934;36,27369364;25,11742974;9,697022446;67,50005833;;8,164042997;9,775617869;99,50207681;51,93907191;56,86135255;30,44641849;17,1829377;12,41506761;74,41023984;56,32719389
33,21060532;17,36695492;15,07484186;24,96923518;71,31501888;20,35727811;61,38409437;;29,05269161;46,41534637;6,543921141;16,14678889;5,50119806;4,276803878;7,414543448;53,34798524;44,5196899;26,64052668;83,2818782;7,838931679;27,43118352;11,33560436;36,42520857
14,08907422;8,772237597;22,42719792;28,71986959;55,09227291;4,377670421;16,09665013;53,56283345;20,10422705;16,55092291;7,934668275;1,209030673;;9,742899502;13,2200633;12,8510575;53,05963726;60,95244382;59,36475084;26,46632902;21,18405733;4,105426744;69,45755456
14,23915681;10,63737855;13,23337613;31,77206545;13,58653964;34,94459666;18,29406922;43,41989792;13,37570583;85,78064535;14,04661579;86,60680274;9,901788878;5,82268771;13,91050871;17,7119405;42,77230031;34,32849901;80,71966413;24,28427479;24,40200837;37,31206076;53,63793383
33,54157402;7,145533003;18,8181705;5,309717332;97,41636941;14,21307676;73,0183562;58,55202205;15,80382869;;12,84124984;10,07127878;12,96650993;;9,408138998;;;50,21931063;29,40507778;29,17682901;15,0254924;50,1659466;52,85271573
17,41990463;6,943687532;26,67334417;34,99266781;56,19631589;22,15038372;58,95256505;61,52936226;15,77934794;8,833163371;8,704654743;31,22322445;14,94514338;3,688837583;6,826560793;65,05111023;52,13063736;48,09641022;14,10852217;;49,27855408;95,03841896;57,77257033
10,90957827;14,22842982;36,75349819;15,76049042;78,84093816;23,24586378;31,24823626;52,76274557;29,49912483;89,34177719;8,643058805;43,4495053;6,268760687;8,396923371;15,96561464;55,61740394;56,09497162;62,93069486;88,86211026;35,87671895;28,01230855;94,84563624;33,92872795
21,99140598;9,692575101;21,40468502;22,54038108;84,89140843;11,87044633;77,27943989;51,44104662;19,62862351;30,06205084;15,69113668;61,57560642;11,48985202;8,666954969;13,79468645;74,55071528;54,42387967;51,88849315;0,828500418;23,08901208;16,65647096;64,46183193;48,13477505
18,73801445;24,15687268;12,48209514;17,32968799;87,80417747;9,441858168;33,62982022;49,24374919;29,36886452;;18,68113295;33,92240568;10,79914122;14,28561298;10,11615267;34,3212876;46,43060384;;56,9120653;8,760783725;;31,54412024;56,579112
20,14350881;10,25560626;;31,0619152;80,04763739;43,22241211;85,5676691;71,61415846;6,813258536;40,1606648;14,36662874;57,99781028;6,620461064;6,719857783;12,0429097;39,12402294;;56,98135809;96,75501899;20,13336302;10,94346865;53,23661708;49,06753178
24,35263849;;23,8622432;16,87382788;64,01484865;52,55429526;58,05284935;52,76315532;13,9919729;;12,59178743;82,96748027;7,808854409;12,61432692;18,18175503;35,21895618;41,51177091;41,72985444;26,91887633;21,30786408;18,74870975;67,46544945;48,83124553
16,68766768;6,729559541;11,70566473;26,03005633;62,89277608;27,09154588;41,57226514;48,41705971;15,35531611;15,96739802;6,799405802;33,46181456;9,4548229;4,028224748;12,98591441;62,27921054;49,6315095;48,04101144;98,39600706;32,87534034;40,51527037;85,71969492;43,51218946
27,72094527;5,348487906;22,30534425;16,52141653;27,14090047;21,83101198;93,25727853;24,92082198;33,96730182;14,45158513;8,788961715;38,20189962;4,812017035;12,0289974;15,60021582;16,07459302;45,55236479;;3,538948763;8,895320948;18,27584686;55,70103831;57,67896133
17,98893271;12,25238378;10,47027424;11,63021433;2,993982541;21,51175261;46,26988415;34,34718235;9,651259872;14,9180392;6,209947603;60,56899347;12,90457479;10,97003988;18,35164;;54,78518115;;25,79764305;32,13554214;31,6660518;9,439315344;45,00065553
23,70985968;7,52325607;16,69475139;36,78187715;41,9864215;23,4965771;9,934632992;49,22326799;22,20702592;51,44342599;3,575715785;49,57358921;3,917614198;14,72283576;6,749815328;94,76689212;49,2213756;37,24503293;25,98911214;20,21377877;17,97602634;71,12404623;49,49571858
34,75833873;7,437395401;14,56369035;29,0916155;35,5434671;17,517504;46,54493632;52,06294045;16,23716189;49,28273063;14,21946763;10,92678837;14,02649546;6,024403833;7,419978998;98,83416248;49,96390376;56,37956367;94,81884877;23,51858522;6,366098489;83,52216154;50,44437617
24,96789365;6,214301992;;47,56661357;39,2331254;33,927179;98,40838576;52,76872459;;61,63427685;8,867840585;84,59282999;8,416936545;7,81224617;6,735911508;53,56629789;54,89831017;36,22410375;97,96227387;13,70401053;12,93444266;39,2799435;28,15386228
17,06507892;12,05078548;23,76698602;20,75063744;17,19368324;28,41459512;92,52728659;58,2150678;25,7994615;44,74228907;6,298502684;44,58565351;16,2598612;9,00324246;5,593239745;4,530768655;;44,01689196;73,43848636;16,71678669;22,45173389;19,47270446;52,00894942
35,67334635;4,777256488;17,16004723;35,25126351;31,96421193;14,91647052;43,53987635;48,05847591;34,98447204;5,567671522;2,808032616;75,03759048;6,699925784;20,84710899;8,663376605;60,22664546;48,02903154;62,10920384;28,74797566;17,71163178;41,39981265;;48,32679136
33,00806508;8,62088523;18,36531828;53,93121978;41,35550642;21,36856617;86,97207158;62,14588794;13,72719675;0,539630954;16,94659756;79,55386196;16,81708646;;7,095241173;72,16793173;67,08650899;27,48954825;40,89591184;14,28777092;14,92890009;;47,69433434
26,42203919;6,596362245;20,61736978;17,44859173;75,93356967;;30,03541718;40,78483957;36,72868471;22,18342011;8,346671359;39,06988571;21,26643524;12,5532987;8,190556982;58,30228764;42,40398616;32,20985809;20,15776481;18,44416519;23,05746333;52,86834645;38,25738845
22,63202339;6,728036358;27,26055201;10,36592976;27,18902051;20,75841313;79,79726312;37,9155728;;85,0963224;15,15416059;1,484788884;7,10959497;4,911958287;14,32012939;52,64734442;59,72369565;63,01372673;76,65863591;17,90377129;12,39868421;59,0762299;44,03914634
14,673556;13,34258947;17,34148536;17,8200498;11,5582457;33,58822662;80,0510712;37,71013822;31,56679034;26,73462061;9,034969465;74,34148267;10,81397918;16,53262768;6,740825567;35,37667457;39,68159617;41,85207216;74,31049398;15,03131583;12,08266619;;29,10712735
39,6593298;12,18093574;5,26005719;18,04699845;2,9336615;15,52683222;38,69256962;57,42297024;17,00665472;59,86002733;5,410543692;6,838517869;5,710971237;7,019483642;4,352118811;8,006178518;57,68586627;62,43707019;49,84613808;21,45352843;13,61730865;89,70443564;48,67173053
14,87780056;8,417880417;10,81655453;21,66808092;;27,43002489;38,15896951;49,17080058;42,95054733;60,85996972;10,27257167;53,20206308;20,66633179;9,932959625;13,49503703;12,83928163;;48,31749799;67,04995956;43,34925018;39,82644081;42,64842079;37,45848029
59,95932985;5,989621142;26,796849;47,28307876;;21,91073166;64,55156142;57,89817922;11,63566258;99,21584404;6,110874265;12,26304139;11,70293204;13,18519984;7,809439712;36,58753897;54,24560581;54,27775678;75,24627936;18,55398018;32,14172547;23,758246;41,02129297
43,2200848;;;17,0632675;80,62479403;;86,16674542;47,32293578;16,51306587;19,11899608;8,182553319;67,57699992;10,46715155;13,84115793;7,015511982;60,01464955;50,06571057;58,1327889;77,38629188;8,203843887;27,02689763;;65,44931267
17,85261186;11,19639809;28,41936825;24,20362288;7,900568168;;65,66326709;44,08107898;;75,33905846;6,822867226;5,602006777;15,91533601;14,21379342;15,97752563;23,78433687;57,41297749;43,48788131;60,51693005;15,90563553;35,08351201;6,650849502;58,50522248
12,02261609;4,639938155;23,17990139;17,92431135;11,53374095;21,52674478;51,63260736;46,31647425;14,2342133;24,23873371;;;14,0750731;8,321207844;11,93703218;1,814605435;65,59007487;46,95409077;39,05157435;;16,24503789;65,95927498;37,72727809
14,08058247;8,256378157;7,396199915;20,29197229;12,94162895;11,61056253;14,87815834;31,47383176;29,77957192;;15,08096581;66,26049646;8,13386347;16,93091393;5,852927886;30,98729297;45,82831248;45,8490283;;;29,36455893;73,46182005;48,29505911
22,83836631;3,837784488;35,6906632;23,50066766;73,8748542;10,57132975;61,27659029;;17,50961316;0,353549467;10,35549672;24,42413967;8,984816447;10,41756841;12,48198988;7,801265991;45,79677037;78,16084276;86,92078115;12,57302978;22,3050841;21,8820211;58,64305435
17,75476731;4,155267872;41,17907643;39,02128818;75,70985334;16,92413068;4,196681897;35,57965354;22,86027952;99,74241436;5,663432098;16,03724372;15,49766382;10,82493567;14,09754186;25,09124235;56,97185864;51,26147069;43,64028731;8,218073732;11,88704959;18,98165192;50,97125288
16,88167477;;15,80426693;21,34162068;99,24553086;14,03845916;49,83589926;60,54322272;65,31448593;43,80595044;15,91847454;5,799990031;6,887650932;8,954109759;6,384037654;14,08749395;47,89038391;54,72800423;12,04763444;31,84291908;13,25624668;87,27896905;35,68669373
12,48079068;7,476990733;63,08942528;28,68634312;62,45529873;10,80844061;73,95082216;44,02669909;27,50630125;99,76887449;;1,521119382;18,86685477;20,28752152;2,651214871;;65,41085498;46,59246459;61,89533595;17,11153721;20,59454976;29,18668634;51,45459987
19,63838634;4,025382174;4,397819835;29,64904794;28,86901086;14,45074108;75,38997794;57,89459853;21,6068152;19,67191692;7,648331772;83,33547716;9,472780187;;8,499723415;14,03654541;52,8483196;47,58209357;48,0508751;40,40964874;22,26052723;98,61235002;43,66144362
13,56574364;9,388039579;11,92023083;31,73393571;19,99117744;;6,309374119;65,16490602;32,03061745;11,14767957;13,26906123;26,18772178;14,4884926;5,671238166;11,57969148;56,79966661;53,21961376;63,78754669;92,38930896;41,30108882;17,1041443;72,91458487;39,76278459
8,723574134;17,0595135;22,72013197;15,07145751;80,09178487;16,29238855;44,24819334;48,08225191;21,00795625;25,07364505;10,87777725;5,541482614;12,55366744;8,209907454;3,35245766;54,26804069;39,31473931;46,6111633;24,06726852;;12,20388542;93,0189698;34,32930873
16,60803708;8,628171941;20,80165293;45,30605133;72,77627103;16,72488942;50,06716992;52,83878906;14,87312471;;9,955233281;34,80334328;;8,01757761;9,229660195;16,36930828;64,25715862;50,20136303;77,64815756;17,68842685;7,060769428;75,17599026;56,31062904
31,80101809;7,912422796;9,564956415;16,60197444;21,70479747;17,33971341;27,02431004;32,48932481;35,43008871;57,72542967;9,303607302;58,0218409;12,53021177;7,234035039;4,554378671;94,50327426;61,995702;53,76962164;75,19878882;18,41848034;24,8440364;32,47640512;55,3948272
15,06428211;8,524323769;45,41595819;19,05077753;74,42385054;19,85465887;59,88021491;41,81330222;;41,63472962;11,34143048;80,42182757;8,230690291;14,42803749;13,89074398;62,5892564;33,21963593;45,68276255;67,64824248;26,03528968;17,32870102;37,54071537;52,11516999
27,22082107;13,20681586;14,32234403;40,52929856;86,66537083;24,07561957;73,58376263;50,56214849;27,19697571;72,91812436;6,147601733;34,02657264;11,07527381;7,791507826;10,94058434;6,484517152;68,28806163;69,59064156;55,17194639;33,97976024;26,43213333;3,416023194;40,84726571
8,94467735;7,591900866;9,661230878;38,36102434;52,94057564;;71,35778118;52,99086903;23,23055389;57,4189733;6,45169203;13,48503309;11,13804331;8,184303462;17,09284423;18,09182761;44,64791144;35,71540388;59,78605312;19,21497817;9,272509857;89,48270404;
19,53522053;9,201171085;19,83129525;11,64648088;59,86385469;23,31872778;11,64929369;42,40601883;21,80260874;57,7635149;;77,36129202;7,035883464;12,12759547;6,946119826;66,77381354;41,64339359;70,1129298;86,64375816;43,85148243;10,73309579;52,16112763;
26,04181726;15,36153411;36,92750832;;93,76323323;12,47399312;57,51206183;76,84858999;23,66578407;58,99991274;12,52141013;87,72378499;2,136439248;8,509256197;8,211108308;90,6726877;42,415301;46,48408111;49,53407126;32,57178826;18,99800669;34,48026888;50,64803477
23,34952593;21,35781574;;10,18545243;95,07240984;28,04387616;79,81319872;;10,02436321;;4,362834833;;3,983030702;15,10271764;6,391380007;81,58187163;36,75870098;63,57119647;98,0228964;19,58905792;9,910484451;81,06443379;56,5275912
21,17535694;16,76333393;14,02634209;21,9973853;66,05323013;20,98104203;23,18237966;50,64243557;25,63134303;10,34922986;16,00390078;65,48185851;9,307834144;23,02977297;8,136295582;44,24744397;57,88467471;30,00822589;6,937468727;9,151087147;7,452302721;;39,03073972
